,,,,,,,Menu Listing,,,
,,,,,,,Nandos (Salwa Road),,,
Date/time:,,,,,,19/01/2023 11:40,,,,
Report filter:,,,,,,"Fields to display is Item Number ,Description , Price 1",,,,
,,Page,,,,,,,,
,,Appeteasers,,,,,,,,
,,,,Item,,,,Price,,ERP Code
,,,,Number,Description,,,1,,
,,,,1,3 Chicken Wings,,,23,,
,,,,2,Hummus w Peri Peri Drizle,,,18,,
,,,,3,Red Pepper Dip,,,15,,
,,,,4,Spicy Mixed Olives,,,15,,
,,,,5,Chkn Liver & Portuguese R,,,22,,
,,,,6,Lentil Soup,,,15,,
,,,,7,Appeteaser Platter,,,49,,
,,,,8,All Together Now,,,39,,
,,,,9,Chicken Soup,,,15,,
,,,,10,Garlic Bread,,,19,,
,,,,11,Lentil Soup Pr,,,10,,
,,,,12,Chicken Soup Pr,,,10,,
,,,,13,PERi Soup,,,15,,
,,,,14,Hummus w/ Liver,,,32,,
,,,,15,Hummus w/ Pulled Chk,,,32,,
,,,,16,PERi-PERi Soup,,,17,,
,,,,17,3 Chicken Wings,,,25,,
,,,,18,Hummus w/ PERi Drizzle,,,19,,
,,,,19,Hummus w/ Pulled Chk,,,35,,
,,,,20,Festa Fries,,,25,,
,,Page,,,,,,,,
,,On Peri Chicken,,,,,,,,
,,,,Item,,,,Price,,ERP Code
,,,,Number,Description,,,1,,
,,,,31,1/4 Chicken,,,24,,
,,,,32,1/4 Chicken 2 Sides,,,42,,
,,,,33,1/4 Chicken Combo 1,,,37,,
,,,,34,1/4 Chicken Combo 2,,,45,,
,,,,35,1/2 Chicken,,,41,,
,,,,36,1/2 Chicken 2 Sides,,,59,,
,,,,37,1/2 Chicken Combo 1,,,54,,
,,,,38,1/2 Chicken Combo 2,,,62,,
,,,,39,5 Chicken Wings,,,38,,
,,,,40,5 Wings 2 Sides,,,56,,
,,,,41,5 Wings Combo 1,,,51,,
,,,,42,5 Wings Combo 2,,,59,,
,,,,43,Whole Chicken,,,77,,
,,,,44,Wing Roulette,,,63,,
,,,,45,10 Chicken Wings,,,63,,
,,,,46,1/4 Chicken 1 Side,,,32,,
,,,,47,1/2 Chicken 1 Side,,,49,,
,,,,48,5 Wings 1 Side,,,46,,
,,,,49,1/4 Chicken,,,27,,
,,,,50,1/2 Chicken,,,47,,
,,,,51,5 Chicken Wings,,,42,,
,,,,52,1/4 Chicken 1 Side,,,35,,
,,,,53,1/2 Chicken 1 Side,,,52,,
,Page:,,1,,,,,,,ERP Code
,,,54,5 Chicken Wings 1 Side,49,,,,,
,,,55,10 Chicken Wings,67,,,,,
,,,56,Whole Chicken,82,,,,,
,,,59,1/4 Chk+Fino Salad+Side,39,,,,,
,,,60,1/2 Chk+Fino Salad+Side,59,,,,,
,Page,,,,,,,,,
,Off Peri Chicken,,,,,,,,,
,,,Item,,Price,,,,,
,,,Number,Description,1,,,,,ERP Code
,,,61,Chkn Butterfly,35,,,,,
,,,62,Chkn Butterfly 2 Sides,53,,,,,
,,,63,Chkn Butterfly Combo 1,48,,,,,
,,,64,Chkn Butterfly Combo 2,56,,,,,
,,,65,Espetada,46,,,,,
,,,66,Espetada 2 Sides,64,,,,,
,,,67,Espetada Combo 1,59,,,,,
,,,68,Espetada Combo 2,67,,,,,
,,,69,Grilld ChknTenders,14,,,,,
,,,70,Grl Chk Tender Meal,32,,,,,
,,,71,Grl Chk Tender Cmb 1,27,,,,,
,,,72,Grl Chk Tender Cmb 2,35,,,,,
,,,73,Grilld Chkn Cataplana,58,,,,,
,,,74,Chkn Butterfly 1 Side,43,,,,,
,,,75,Grl Chk Tender & Spicy R,25,,,,,
,,,76,Espetada Alteza 2 Sides,69,,,,,
,,,77,Espetada Pimento,72,,,,,
,,,78,Chicken Cataplana,62,,,,,
,,,79,Grl Chk Tender & Spicy R,27,,,,,
,,,80,Chkn Butterfly,39,,,,,
,,,81,Chkn Butterfly 2 Sides,57,,,,,
,,,82,Espetada,52,,,,,
,,,83,Espetada 2 Sides,67,,,,,
,,,84,Espetada Carnival,55,,,,,
,,,85,Esptda Carnival 2 Sides,72,,,,,
,,,86,Esptda Rustica,55,,,,,
,,,87,Esptda Rustica 2 Sides,72,,,,,
,Page,,,,,,,,,
,TRY SOMETHING NEW,,,,,,,,,
,,,Item,,Price,,,,,
,,,Number,Description,1,,,,,ERP Code
,,,91,Espetada Carnival,51,,,,,
,,,92,Esptda Carnival 2 Sides,69,,,,,
,,,93,Esptda Carnival Combo 1,64,,,,,
,,,94,Esptda Carnival Combo 2,72,,,,,
,,,95,Esptda Rustica,51,,,,,
,,,96,Esptda Rustica 2 Sides,69,,,,,
,,,97,Esptda Rustica Combo 1,64,,,,,
,,,98,Esptda Rustica Combo 2,72,,,,,
,,,99,No Bones Platter,110,,,,,
,,,100,Veggie Espetada,46,,,,,
,,,101,Veggie Espetada 2 Sides,64,,,,,
,,,102,Something Exotic,25,,,,,
,,,103,Something Exotic Meal,43,,,,,
,,,104,SpiceCashew Esptd 2 Sides,72,,,,,
,,,105,Mediterrean Esptd 2 Sides,69,,,,,
,,,106,Festa Fries,22,,,,,
,,,107,Cabo Sosatie + Lrg Side,59,,,,,
Page:,,2,,,,,,,,ERP Code
,,,108,Espetada Lima Luso,75,,,,,
,,,109,Cabo Sosatie&Wing Platter,123,,,,,
,,,110,Full Chx & Prego Platter,123,,,,,
,,,111,Chx Arroz & Salad Platter,123,,,,,
,Page,,,,,,,,,
,SHARING PLATTER,,,,,,,,,
,,,Item,,Price,,,,,
,,,Number,Description,1,,,,,ERP Code
,,,121,Full Plattr Whole Chkn,110,,,,,
,,,122,Meal Plattr Whole Chkn,110,,,,,
,,,123,Jumbo Plattr 2 Whole Chkn,220,,,,,
,,,124,Wings Platter,100,,,,,
,,,125,Full Chicken Platter,119,,,,,
,,,126,Wings Platter Meal,99,,,,,
,,,127,Majlis Platter,225,,,,,
,,,128,Nando's Platter,139,,,,,
,,,129,Full Platter,115,,,,,
,,,130,Jumbo Platter,227,,,,,
,,,131,More to Share Platter,159,,,,,
,Page,,,,,,,,,
,BURG PITAS WRAP,,,,,,,,,
,,,Item,,Price,,,,,
,,,Number,Description,1,,,,ERP Code,
,,,151,Chkn Wrap,26,,,,,
,,,152,Chkn Wrap 2 Sides,44,,,,,
,,,153,Chkn Wrap Combo 1,39,,,,,
,,,154,Chkn Wrap Combo 2,47,,,,,
,,,155,Chkn Breast Burger,26,,,,,
,,,156,Chkn Breast Burger 2 Side,44,,,,,
,,,157,Chkn Breast Brgr Cmb 1,39,,,,,
,,,158,Chkn Breast Brgr Cmb 2,47,,,,,
,,,159,Chkn Caesar Wrap,27,,,,,
,,,160,Chkn Caesar Wrap 2 Sides,45,,,,,
,,,161,Chkn Caesar Wrap Cmb 1,40,,,,,
,,,162,Chkn Caesar Wrap Cmb 2,48,,,,,
,,,163,Chkn Pita,24,,,,,
,,,164,Chkn Pita 2 Sides,42,,,,,
,,,165,Chkn Pita Cmb 1,37,,,,,
,,,166,Chkn Pita Cmb 2,45,,,,,
,,,167,Nandoca's Choice,37,,,,,
,,,168,Nandoca's Choice 2 Sides,55,,,,,
,,,169,Nandoca's Choice Cmb 1,50,,,,,
,,,170,Nandoca's Choice Cmb 2,58,,,,,
,,,171,Mighty Sandwich,26,,,,,
,,,172,Mighty Sandwich 2 Sides,44,,,,,
,,,173,Chkn Wrap 1 Side,34,,,,,
,,,174,Chkn Breast Burger 1 Side,34,,,,,
,,,175,Chkn Caesar Wrap 1 Side,35,,,,,
,,,176,Chkn Pita 1 Side,32,,,,,
,,,177,Nandoca's Choice 1 Side,45,,,,,
,,,178,Mighty Sandwich 1 Side,34,,,,,
,,,179,Chkn Caesar Wrap,29,,,,,
,,,180,Chkn Caesar Wrap 1 Side,37,,,,,
,Page,,,,,,,,,
,BURG PITAS WRAP +,,,,,,,,,
Page:,,3,,,,,,,,
,,,Item,,Price,,,,,
,,,Number,Description,1,,,,ERP Code,
,,,181,Steak Sandwich,34,,,,,
,,,182,Steak Sandwich 2 Sides,52,,,,,
,,,183,Steak Burger Combo 1,47,,,,,
,,,184,Steak Burger Combo 2,55,,,,,
,,,185,Steak Sandwich 1 Side,42,,,,,
,,,186,Avo & Feta Burger,26,,,,,
,,,187,Avo & Feta Burger 1 Side,36,,,,,
,,,188,Avo & Feta Burger 2 Sides,46,,,,,
,,,189,Avo & Feta Pita,26,,,,,
,,,190,Avo & Feta Pita 1 Sides,36,,,,,
,,,191,Avo & Feta Pita 2 Sides,46,,,,,
,,,192,Avo & Feta Wrap,26,,,,,
,,,193,Avo & Feta Wrap 1 Side,36,,,,,
,,,194,Avo & Feta Wrap 2 Sides,46,,,,,
,,,195,Nando's Classic w/ Sides,34,,,,,
,,,196,PERi-Cheese w/ Sides,35,,,,,
,,,197,Avo & Feta Smash w/ Sides,36,,,,,
,,,198,Nando's Classic,26,,,,,
,,,199,PERi-Cheese,27,,,,,
,,,200,Avo & Feta Smash,28,,,,,
,,,201,Cheese Carnival CMB,45,,,,,
,,,202,Dukkah-Dusted CMB,45,,,,,
,,,203,Cheese Carnival + 1 Side,38,,,,,
,,,204,Dukkah-Dusted + 1 Side,38,,,,,
,,,205,Nando's Classic,27,,,,,
,,,206,PERi-Cheese,29,,,,,
,,,207,Avo & Feta Smash,32,,,,,
,,,208,Nando's Classic 1 Side,35,,,,,
,,,209,PERi-Cheese 1 Side,37,,,,,
,,,210,Avo & Feta Smash 1 Side,39,,,,,
,Page,,,,,,,,,
,PERI-PERI VEG,,,,,,,,,
,,,Item,,Price,,,,,
,,,Number,Description,1,,,,ERP Code,
,,,211,Blk Mus Hlmi Wrp,25,,,,,
,,,212,Blk Mus Hlmi Wrp 2 Sides,43,,,,,
,,,213,Blk Mush Hllmi Wrap C 1,38,,,,,
,,,214,Blk Mush Hllmi Wrap C 2,46,,,,,
,,,215,Veggie Burger,24,,,,,
,,,216,Veggie Burger 2 Sides,42,,,,,
,,,217,Veggie Burger Combo 1,37,,,,,
,,,218,Veggie Burger Combo 2,45,,,,,
,,,219,Roastd Veg Wrap,26,,,,,
,,,220,Roastd Veg Wrap 2 sides,44,,,,,
,,,221,Roasted Vggie Wrap Cmb 1,39,,,,,
,,,222,Roasted Vggie Wrap Cmb 2,47,,,,,
,,,223,Mush & Paneer Wrap,25,,,,,
,,,224,Mush & Paneer Wrap Meal,43,,,,,
,,,225,Blk Mus Hlmi Wrp 1 Side,33,,,,,
,,,226,Veggie Burger 1 Side,32,,,,,
,,,227,Roastd Veg Wrap 1 Side,34,,,,,
,,,228,Veg Pita,24,,,,,
,,,229,Veg Pita 1 Side,32,,,,,
,,,230,Veg Pita 2 Sides,42,,,,,
,,,231,Blk Mus Hlmi Wrp,27,,,,,
,,,232,Blk Mus Hlmi Wrp 1 Side,35,,,,,
Page:,,4,,,,,,,,
,Page,,,,,,,,,
,SIDES,,,,,,,,,
,,,Item,,Price,,,,,
,,,Number,Description,1,,,,ERP Code,
,,,241,Reg Spicy Rice,11,,,,,
,,,242,Reg Coleslaw,11,,,,,
,,,243,Reg Peri Chips,11,,,,,
,,,244,Reg Chargrilled Veg,11,,,,,
,,,245,Reg Garlic Bread,11,,,,,
,,,246,Reg 3 Bean Salad,11,,,,,
,,,247,Reg PERI Wedges,11,,,,,
,,,248,Reg Corn-on-the-COB,11,,,,,
,,,249,Reg Spinach,11,,,,,
,,,250,Lrg Spicy Rice,19,,,,,
,,,251,Lrg Coleslaw,19,,,,,
,,,252,Lrg Peri Chips,19,,,,,
,,,253,Lrg Chargrilled Veg,19,,,,,
,,,254,Lrg Garlic Bread,19,,,,,
,,,255,Lrg 3 Bean Salad,19,,,,,
,,,256,Lrg PERI Wedges,19,,,,,
,,,257,Lrg Corn-on-the-COB,19,,,,,
,,,258,Lrg Spinach,19,,,,,
,,,259,Reg Sweet Potato,11,,,,,
,,,260,Lrg Sweet Potato,19,,,,,
,,,261,Reg Minted Rice,11,,,,,
,,,262,Lrg Minted Rice,19,,,,,
,,,263,Reg Sweet Potato Chips,11,,,,,
,,,264,Lrg Sweet Potato Chips,19,,,,,
,,,265,Reg PERi-tato,11,,,,,
,,,266,Lrg PERi-tato,19,,,,,
,,,267,Reg Cauli Mash,11,,,,,
,,,268,Lrg Cauli Mash,19,,,,,
,,,269,Reg Batata Harra,11,,,,,
,,,270,Lrg Batata Harra,19,,,,,
,,,481,Reg Cream Corn Salad,12,,,,,
,,,482,Lrg Cream Corn Salad,20,,,,,
,,,483,Fino Assorted Chips,19,,,,,
,,,484,Fino Sweet Potato,19,,,,,
,,,485,Reg Spicy Rice,12,,,,,
,,,486,Reg Coleslaw,12,,,,,
,,,487,Reg PERi Chips,12,,,,,
,,,488,Reg Chargrilled Veg,12,,,,,
,,,489,Reg Garlic Bread,12,,,,,
,,,490,Reg 3 Bean Salad,12,,,,,
,,,491,Reg PERi Wedges,12,,,,,
,,,492,Reg Corn-on-the-COB,12,,,,,
,,,493,Reg Spinach,12,,,,,
,,,494,Reg Sweet Potato,12,,,,,
,,,495,Reg PERi-tato,12,,,,,
,,,496,Reg Batata Harra,12,,,,,
,,,497,Reg Rainbow Slaw,12,,,,,
,,,498,Lrg Spicy Rice,20,,,,,
,,,499,Lrg Coleslaw,20,,,,,
,,,500,Lrg PERi Chips,20,,,,,
,,,501,Lrg Chargrilled Veg,20,,,,,
,,,502,Lrg Garlic Bread,20,,,,,
,,,503,Lrg 3 Bean Salad,20,,,,,
,,,504,Lrg PERi Wedges,20,,,,,
Page:,,5,,,,,,,ERP Code,
,,,505,Lrg Corn-on-the-COB,20,,,,,
,,,506,Lrg Spinach,20,,,,,
,,,507,Lrg Sweet Potato,20,,,,,
,,,508,Lrg PERi-tato,20,,,,,
,,,509,Lrg Batata Harra,20,,,,,
,,,510,Lrg Rainbow Slaw,20,,,,,
,Page,,,,,,,,,
,SALADS,,,,,,,,,
,,,Item,,Price,,,,,
,,,Number,Description,1,,,,ERP Code,
,,,271,Portuguese Salad,22,,,,,
,,,272,Mediterranean Salad,24,,,,,
,,,273,Caesar Salad,29,,,,,
,,,274,Algarve Salad,29,,,,,
,,,275,Portu Salad w Chk,36,,,,,
,,,276,Med Salad w Chk,38,,,,,
,,,277,Caesar Salad w/ Chk,43,,,,,
,,,278,Algarve Salad w/ Chk,43,,,,,
,,,279,Quinoa Salad,39,,,,,
,,,280,Quinoa Salad w/ Chk,53,,,,,
,,,281,Mediterranean Salad,25,,,,,
,Page,,,,,,,,,
,DESSERTS,,,,,,,,,
,,,Item,,Price,,,,,
,,,Number,Description,1,,,,ERP Code,
,,,301,Choc Lvn Spoon Cake,24,,,,,
,,,302,Four High Carrot Cake,24,,,,,
,,,303,Blueb Whte Choco Brulee,24,,,,,
,,,304,Choco Pnut Butter Stack,24,,,,,
,,,305,Oreo Cookie Bash,24,,,,,
,,,306,Ice Cream Choco Sauce,22,,,,,
,,,307,Natas w/ Ice Cream,29,,,,,
,,,308,Lighten Up Choco Cake,24,,,,,
,,,309,Caramel Cheese Cake,24,,,,,
,,,310,Choco Crunch Roll,24,,,,,
,,,311,Lighten Up Choco CMB1,29,,,,,
,,,312,Caramel Cheesecake CMB1,29,,,,,
,,,313,Blueberry Cheesecake CMB1,29,,,,,
,,,314,Lotus Cake CMB1,29,,,,,
,,,315,Lotus Cake,24,,,,,
,,,316,Blueberry Cheesecake,24,,,,,
,,,317,Natas,24,,,,,
,,,318,Peri Brownie,25,,,,,
,,,319,Peri Brownie w/ Ice Cream,29,,,,,
,,,320,Red Velvet,34,,,,,
,,,321,Molten Cake w/ Ice Cream,29,,,,,
,,,322,Molten Cake,24,,,,,
,,,323,New York Style Cheesecake,25,,,,,
,,,324,Red Velvet,29,,,,,
,,,325,Mango Cheesecake,25,,,,,
,,,326,New York Style Cheesecake,27,,,,,
,,,327,Casa Pudding,29,,,,,
,Page,,,,,,,,,
,NANDINOS,,,,,,,,,
,,,Item,,Price,,,,,
,,,Number,Description,1,,,,ERP Code,
Page:,,6,,,,,,,,
,,,331,Chicken Breast Burger,23,,,,,
,,,332,Chicken Wings,23,,,,,
,,,333,Chicken Breast Strips,23,,,,,
,,,334,Chicken Breast Burger,25,,,,,
,,,335,Chicken Wings,25,,,,,
,,,336,Chicken Breast Strips,25,,,,,
,Page,,,,,,,,,
,DRINKS,,,,,,,,,
,,,Item,,Price,,,,,
,,,Number,Description,1,,,,ERP Code,
,,,361,Coke Bottomless,15,,,,,
,,,362,Diet Coke Bottomless,15,,,,,
,,,363,Sprite Bottomless,15,,,,,
,,,364,Fanta Orange Bottomless,15,,,,,
,,,365,Fanta Strawbry Bottomless,15,,,,,
,,,366,Coke Can,8,,,,,
,,,367,Diet Coke Can,8,,,,,
,,,368,Sprite Can,8,,,,,
,,,369,Fanta Orange Can,8,,,,,
,,,370,Fanta Strawberry Can,8,,,,,
,,,371,Fresh Orange Juice,20,,,,,
,,,372,Iced Tea Bottomless,16,,,,,
,,,373,Fresh Lemonade,16,,,,,
,,,374,Still Water Sml,10,,,,,
,,,375,Still Water Lrg,15,,,,,
,,,376,Sparkling Water Sml,12,,,,,
,,,377,Sparkling Water Lrg,18,,,,,
,,,378,Hi-C Orange,6,,,,,
,,,379,Hi-C Mango,6,,,,,
,,,380,Hi-C Apple,6,,,,,
,,,381,Delivery Ice Tea,9,,,,,
,,,382,BOS Ice Tea Lemon,5,,,,,
,,,383,BOS Ice Tea Apple,5,,,,,
,,,384,BOS Ice Tea Peach,5,,,,,
,,,385,BOS Ice Tea Berry,5,,,,,
,,,386,BOS Ice Tea Lime & Ginger,5,,,,,
,,,387,Red Bull,20,,,,,
,,,388,Softdrink Bottomless,16,,,,,
,,,389,Still Water Lrg,17,,,,,
,,,390,Sparkling Water Lrg,19,,,,,
,Page,,,,,,,,,
,DRINKS +,,,,,,,,,
,,,Item,,Price,,,,,
,,,Number,Description,1,,,,ERP Code,
,,,391,Madeira Red,19,,,,,
,,,392,Frosted Lemon & Mint,20,,,,,
,,,393,Caipirinha,19,,,,,
,,,394,Sparkling Apple,19,,,,,
,,,395,Lemonada Rosa,19,,,,,
,,,396,Spicy Mango,19,,,,,
,,,397,Mango Cooler,19,,,,,
,,,398,Rosa Margarita,20,,,,,
,,,399,Ice Mintea,19,,,,,
,,,400,Crimson Cola,19,,,,,
,,,401,Frosted SBerry Lemonade,19,,,,,
,,,402,Frosted Mango,19,,,,,
,,,403,Oreo Milkshake,22,,,,,
Page:,,7,,,,,,,ERP Code,
,,,404,Rose Pistachio Milkshake,22,,,,,
,,,405,Mars Bar Milkshake,22,,,,,
,,,406,Strawberry Milkshake,22,,,,,
,,,407,Oreo Milkshake,18,,,,,
,,,408,Choco-Mars Milkshake,18,,,,,
,,,409,Strawberry Milkshake,18,,,,,
,,,410,Orange Desire,20,,,,,
,,,411,Pomegranate Sparkler,20,,,,,
,,,412,Yuzu Lemonade,20,,,,,
,,,413,BERi-BERi,20,,,,,
,,,414,Leche Biscoffe,22,,,,,
,,,415,Fresh Lemonade,17,,,,,
,,,416,Casa Drink,22,,,,,
,Page,,,,,,,,,
,HOT DRINKS,,,,,,,,,
,,,Item,,Price,,,,,
,,,Number,Description,1,,,,ERP Code,
,,,421,Cappuccino,15,,,,,
,,,422,Galao,15,,,,,
,,,423,Americano,15,,,,,
,,,424,Espresso,10,,,,,
,,,425,Hot Chocolate,16,,,,,
,,,426,Herbal Tea,15,,,,,
,,,427,Double Espresso,12,,,,,
,Page,,,,,,,,,
,EXTRA,,,,,,,,,
,,,Item,,Price,,,,,
,,,Number,Description,1,,,,ERP Code,
,,,451,Deboned Chicken,11,,,,,
,,,452,Cheddar Cheese,4,,,,,
,,,453,Pineapple,4,,,,,
,,,454,Feta Cheese,4,,,,,
,,,455,Halloumi Cheese,6,,,,,
,,,456,PERInaise,5,,,,,
,,,457,Portuguese Roll,5,,,,,
,,,458,Toasted Pita Bread,5,,,,,
,,,459,PERI-PERI Drizzle,5,,,,,
,,,460,Grilld Chkn Breast Fillet,14,,,,,
,,,461,Extra toppings,5,,,,,
,,,462,Ice Cream Scoops,7,,,,,
,,,463,Creamy Dip,5,,,,,
,,,464,Beef Steak,30,,,,,
,,,465,Btl LemonHerb,15,,,,,
,,,466,Btl Medium,15,,,,,
,,,467,Btl Mild,15,,,,,
,,,468,Btl Hot,15,,,,,
,,,469,Btl WildHerb,15,,,,,
,,,470,Btl Garlic,15,,,,,
,,,471,Btl Extrahot,15,,,,,
,,,472,Btl XXtrahot,15,,,,,
,,,473,Grilled Chkn Strips,14,,,,,
,,,474,Portobello Mushroom,6,,,,,
,,,475,Bird's Eye Chilli Jam,5,,,,,
,,,476,Btl Mango & Lime,15,,,,,
,,,477,Nando's Salsa,5,,,,,
,,,478,Tomato Relish,5,,,,,
,,,479,Nando's Yogurt Dip,5,,,,,
Page:,,8,,,,,,,,
,,,480,Avocado,6,,,,,
,Page,,,,,,,,,
,EXTRA +,,,,,,,,,
,,,Item,,Price,,,,,
,,,Number,Description,1,,,,ERP Code,
,,,511,Lentil Soup Add On,13,,,,,
,,,512,Chicken Soup Add On,13,,,,,
,,,513,Lighten Up Add On,20,,,,,
,,,514,Caramel CCake Add On,20,,,,,
,,,515,Blueberry CCake Add On,20,,,,,
,,,516,Lotus CCake Add On,20,,,,,
,,,517,Pastries D Natas Add On,20,,,,,
,,,518,Reg Spicy Rice,6,,,,,
,,,519,Reg Coleslaw,6,,,,,
,,,520,Reg Peri Chips,6,,,,,
,,,521,Reg Chargrilled Veg,6,,,,,
,,,522,Reg Garlic Bread,6,,,,,
,,,523,Reg 3 Bead Salad,6,,,,,
,,,524,Reg PERI Wedges,6,,,,,
,,,525,Reg Corn-on-the-COB,6,,,,,
,,,526,Reg Spinach,6,,,,,
,,,527,PERI-PERI Drizzle,6,,,,,
,,,528,Grilld Chkn Breast Fillet,15,,,,,
,,,529,Grilld Chkn Tenders,15,,,,,
,Page,,,,,,,,,
,HEALTHY-ISH,,,,,,,,,
,,,Item,,Price,,,,,
,,,Number,Description,1,,,,ERP Code,
,,,541,BFly Chkn +Veg+Spinach,53,,,,,
,,,542,Espetada +Olives+Spinach,72,,,,,
,,,543,Quinoa Salad +Chkn Strips,53,,,,,
,,,544,Cataplana Porto + Veg,58,,,,,
,,,545,Cataplana Algarve + Veg,58,,,,,
,,,546,Chkn Strips + Cauli Mash,25,,,,,
,Page,,,,,,,,,
,RETAILS +,,,,,,,,,
,,,Item,,Price,,,,,
,,,Number,Description,1,,,,ERP Code,
,,,631,Btl LemonHerb,13,,,,,
,,,632,Btl Medium,13,,,,,
,,,633,Btl Mild,13,,,,,
,,,634,Btl Hot,13,,,,,
,,,635,Btl WildHerb,13,,,,,
,,,636,Btl Garlic,13,,,,,
,,,637,Btl Extrahot,13,,,,,
,,,638,Btl XXtrahot,13,,,,,
,,,639,Btl Creamy Garlic,13,,,,,
,,,640,Btl Pepper Sauce,13,,,,,
,Page,,,,,,,,,
,PROMO,,,,,,,,,
,,,Item,,Price,,,,,
,,,Number,Description,1,,,,ERP Code,
,,,721,Cataplana Porto,64,,,,,
,,,722,Cataplana Al Garve,64,,,,,
,,,723,Classic Platter,225,,,,,
,,,724,Snack Platter,235,,,,,
Page:,,9,,,,,,,ERP Code,
,,,725,Chicken Platter,225,,,,,
,,,726,Grilled Halloumi on Stick,30,,,,,
,,,727,Chicken Liver Meal,25,,,,,
,,,728,Chicken Meal,26,,,,,
,,,729,Chicken Kebab Meal,26,,,,,
,,,730,FGF Espetada,85,,,,,
,,,731,FGF Cataplana,80,,,,,
,,,732,FGF Butterfly,75,,,,,
,,,733,BPW Lunch,45,,,,,
,,,734,Sweet Endings,29,,,,,
,,,735,Chk Tenders & Spicy Rice,25,,,,,
,,,736,Carnival Cooler,69,,,,,
,,,737,Chkn Wrap S1 w/ Ice Tea,30,,,,,
,,,738,Feast Platter,189,,,,,
,,,739,Ramadan Cooler,79,,,,,
,,,740,Jumbo Carnival Cooler,40,,,,,
,,,741,Pulled Chicken Tigela,27,,,,,
,,,742,Sharing Platter,120,,,,,
,,,743,Valentines Meal,110,,,,,
,,,744,Ramadan Espetada,69,,,,,
,,,745,Feast Platter,169,,,,,
,,,746,Festival Platter,299,,,,,
,,,747,WC Wing Roulette Platter,118,,,,,
,,,749,Lunchbox 29,29,,,,,
,Page,,,,,,,,,
,RETAILS,,,,,,,,,
,,,Item,,Price,,,,,
,,,Number,Description,1,,,,ERP Code,
,,,751,Btl LemonHerb,15,,,,,
,,,752,Btl Medium,15,,,,,
,,,753,Btl Mild,15,,,,,
,,,754,Btl Hot,15,,,,,
,,,755,Btl WildHerb,15,,,,,
,,,756,Btl Garlic,15,,,,,
,,,757,Btl Extrahot,15,,,,,
,,,758,Btl XXtrahot,15,,,,,
,,,759,Btl Mango & Lime,15,,,,,
,,,760,Btl Creamy Garlic,15,,,,,
,,,761,Btl Pepper Sauce,15,,,,,
,,,762,PERi-PERi x2,20,,,,,
,,,763,PERinaise Garlic,13,,,,,
,,,764,PERinaise Mild,13,,,,,
,,,765,PERinaise Hot,13,,,,,
,,,766,PERinaise Garlic,10,,,,,
,,,767,PERinaise Mild,10,,,,,
,,,768,PERinaise Hot,10,,,,,
,,,772,Flavor Shaker - BRAAI,0,,,,,
,,,773,Flavor Shaker - G & H,0,,,,,
,,,774,Flavor Shaker - Hot,0,,,,,
,,,775,Flavor Shaker - Medium,0,,,,,
,,,776,Gift Card 50,50,,,,,
,,,777,Gift Card 100,100,,,,,
,,,778,Gift Card 200,200,,,,,
,,,779,Creamy Garlic Promo,0,,,,,
,,,780,PERinaise,8,,,,,
,Page,,,,,,,,,
,CASA DEALS,,,,,,,,,
Page:,,10,,,,,,,,
,,,Item,,Price,,,,,
,,,Number,Description,1,,,,ERP Code,
,,,781,Peri Chkn Livers Bowl,25,,,,,
,,,782,Peri Chkn Skewers,22,,,,,
,,,783,1/4 Chkn & Saucy Rice,29,,,,,
,,,784,Pulled Chkn to Perfection,39,,,,,
,,,785,Pulled Chkn Wrap,23,,,,,
,,,786,Pulled Chkn Wrap 1 Side,29,,,,,
,,,787,Pulled Chkn Wrap 2 Sides,39,,,,,
,,,788,Pulled Chkn Pita,23,,,,,
,,,789,Pulled Chkn Pita 1 Side,29,,,,,
,,,790,Pulled Chkn Pita 2 Sides,39,,,,,
,,,791,Pulled Chk Sandwich,23,,,,,
,,,792,Pulled Chk Sandwich 1 S,29,,,,,
,,,793,Pulled Chk Sandwich 2 S,39,,,,,
,,,794,Sharing Platter 2,109,,,,,
,,,795,Sharing Platter 4,189,,,,,
,,,796,PERi Chkn Skewers CMB,28,,,,,
,,,797,Grl ChkTender Spicy R CMB,31,,,,,
,,,798,PERi Chk Liver Bowl CMB,31,,,,,
,,,799,Pulled Chkn Tigela CMB,33,,,,,
,,,800,Pulled Chkn Sandwich CMB,35,,,,,
,,,801,Pulled Chkn Pita CMB,35,,,,,
,,,802,Pulled Chkn Wrap CMB,35,,,,,
,,,803,Chicken Prego + 1 Side,29,,,,,
,,,804,Chicken Prego + FF&Drink,45,,,,,
,,,805,Chx Trinchado + Garlic Br,29,,,,,
,,,806,Chx Trinchado+GB+FF&Drink,45,,,,,
,,,807,Pulled Chx Wrap+FF+Drink,45,,,,,
,,,808,Grl ChkTender Spicy R CMB,34,,,,,
,Page,,,,,,,,,
,LIMITED TIME OFFER,,,,,,,,,
,,,Item,,Price,,,,,
,,,Number,Description,1,,,,ERP Code,
,,,811,Wing Platter,99,,,,,
,,,812,1/4 Chkn 1 Side + Drinks,39,,,,,
,,,813,1/2 Chkn 1 Side + Drinks,49,,,,,
,,,814,Meal Platter,109,,,,,
,,,815,Majlis Platter,159,,,,,
,,,816,Chicken & Veg Tigela,39,,,,,
,,,817,Halloumi & Veg Tigela,39,,,,,
,,,818,Chkn Trinchado & Garlic R,39,,,,,
,,,819,Grilled Chkn & Spicy Rice,39,,,,,
,,,820,Espetada + Chicken Liver,69,,,,,
,,,821,Full Chicken Meal,99,,,,,
,,,822,1/2 Chicken + FF & LM,59,,,,,
,,,823,Nandocas Choice + FF & LM,59,,,,,
,,,824,Cataplana + Lemon & Mint,59,,,,,
,,,825,Espetada Alteza Bundle,99,,,,,
,,,826,Wing Platter @ 99,99,,,,,
,,,827,1/4 Chicken + 1 Reg Side,20,,,,,
,,,828,Fiesta Platter,120,,,,,
,,,829,Complimentary Dessert,0,,,,,
,,,830,1/4 Chicken + 1 Reg Side,22,,,,,
,,,831,Summer Platter,129,,,,,
,,,832,Party Platter,159,,,,,
,,,838,Espetada Torre,139,,,,,
,,,839,Creamy Cashew Chkn,45,,,,,
Page:,,11,,,,,,,,
,,,840,Creamy Cashew Chkn + DD,45,,,,,
,Page,,,,,,,,,
,RAMADAN MENU,,,,,,,,,
,,,Item,,Price,,,,,
,,,Number,Description,1,,,,ERP Code,
,,,841,Platter for 1,69,,,,,
,,,842,Sharing Platter for 2,109,,,,,
,,,843,Family Sharing Pltr for 4,149,,,,,
,,,844,Cashew Chicken Arroz,99,,,,,
,,,845,Cashw Chk Arroz+Esp 2 S,159,,,,,
,,,846,Fattoush Salad,26,,,,,
,,,847,Casa Favorite,49,,,,,
,,,848,2 Full Chicken Platter,179,,,,,
,,,849,Feast Platter,120,,,,,
,,,850,New Majlis Platter,169,,,,,
,Page,,,,,,,,,
,DELIVERY CHARGE,,,,,,,,,
,,,Item,,Price,,,,,
,,,Number,Description,1,,,,ERP Code,
,,,898,Delivery Charge 8,8,,,,,
,,,899,Delivery Charge 10,10,,,,,
,,,900,Delivery Charge 5,5,,,,,
,Page,,,,,,,,,
,ADD ON SIDES,,,,,,,,,
,,,Item,,Price,,,,,
,,,Number,Description,1,,,,ERP Code,
,,,901,Lentil Soup SM,1.76,,,,,
,,,902,Chkn Soup SM,2.34,,,,,
,,,903,Peri Hummus SM,4.8,,,,,
,,,904,Spicy Mix Olives SM,3.96,,,,,
,,,905,#NAME?,11,,,,,
,,,906,#NAME?,11,,,,,
,,,907,#NAME?,11,,,,,
,,,908,#NAME?,11,,,,,
,,,909,#NAME?,11,,,,,
,,,910,+ 3 Bean Salad,11,,,,,
,,,911,#NAME?,11,,,,,
,,,912,#NAME?,11,,,,,
,,,913,#NAME?,11,,,,,
,,,914,#NAME?,11,,,,,
,,,915,#NAME?,11,,,,,
,,,916,#NAME?,11,,,,,
,,,917,#NAME?,11,,,,,
,,,918,#NAME?,11,,,,,
,Page,,,,,,,,,
,EVENT MENU,,,,,,,,,
,,,Item,,Price,,,,,
,,,Number,Description,1,,,,ERP Code,
,,,931,Chx Strips+Spicy Rice+GB,35,,,,,
,,,932,BFly Chx Salad 1 Side,49,,,,,
,,,933,Chx Burger+Chips+GB,35,,,,,
,,,934,Caesar Wrap Meal SM,10.89,,,,,
,,,935,Half Chkn Meal SM,14.67,,,,,
,,,936,1/2 Chx Arroz+Drink,49,,,,,
,,,937,Chkn Liver SM,7.4,,,,,
,,,938,Chkn Burger SM,7.72,,,,,
Page:,,12,,,,,,,,
,,,939,Chkn Wrap SM,8.53,,,,,
,,,940,Chkn Pita SM,7.45,,,,,
,,,941,Caesar Wrap SM,8.39,,,,,
,,,942,Cabo Sotatie,39,,,,,
,,,943,Chicken Thigh Meal SM,0,,,,,
,Page,,,,,,,,,
,Staff Veggie Meal,,,,,,,,,
,,,Item,,Price,,,,,
,,,Number,Description,1,,,,ERP Code,
,,,961,Veggie Burger Meal SM,13.09,,,,,
,,,962,Blk Mush Hllmi Wrap M SM,14.01,,,,,
,,,963,Veggie Wrap Meal SM,11.51,,,,,
,,,964,Cataplana Veggie Meal SM,7.56,,,,,
,,,965,Veggie Burger SM,10.59,,,,,
,,,966,Blk Mush Hllmi Wrap SM,11.51,,,,,
,,,967,Veggie Wrap SM,9.01,,,,,
,,,968,Something Exotic SM,9.36,,,,,
,,,969,Veggie Espetada SM,11.48,,,,,
,Page,,,,,,,,,
,Staff Salads,,,,,,,,,
,,,Item,,Price,,,,,
,,,Number,Description,1,,,,ERP Code,
,,,991,Portuguese Salad SM,4.99,,,,,
,,,992,Med Salad SM,5.79,,,,,
,,,993,Caesar Salad SM,5.84,,,,,
,,,994,Algarve Salad SM,5.94,,,,,
,,,995,Portu Salad w/ Chkn SM,8.88,,,,,
,,,996,Med Salad w/ Chkn SM,9.68,,,,,
,,,997,Caesar Salad w/ Chkn SM,9.73,,,,,
,,,998,Algarve Salad w/ Chkn SM,9.83,,,,,
,,,999,Quinoa Salad SM,9.89,,,,,
,Page,,,,,,,,,
,Staff Desserts,,,,,,,,,
,,,Item,,Price,,,,,
,,,Number,Description,1,,,,ERP Code,
,,,1021,Carrot Cake SM,10.84,,,,,
,,,1022,Ch Lovin Spoon Cake SM,9.43,,,,,
,,,1023,Peanut Butter Cake SM,9.84,,,,,
,,,1024,Oreo Cheesecake SM,10.48,,,,,
,,,1025,BB Cheesecake SM,8.5,,,,,
,,,1026,Caramel Cheesecake SM,8.5,,,,,
,,,1027,C Lighten Up Cake SM,9.5,,,,,
,,,1028,Lotus Cheese Cake SM,9,,,,,
,Page,,,,,,,,,
,DESIGNER DRINKS,,,,,,,,,
,,,Item,,Price,,,,,
,,,Number,Description,1,,,,ERP Code,
,,,1051,Coke SM,0.28,,,,,
,,,1052,Coke Light SM,0.28,,,,,
,,,1053,Sprite SM,0.28,,,,,
,,,1054,Fanta Orange SM,0.28,,,,,
,,,1055,Fanta Strawberry SM,0.28,,,,,
,,,1056,Ice Tea SM,0.83,,,,,
,,,1057,Madeira Red,22,,,,,
,,,1058,Frosted Lemon & Mint,22,,,,,
,,,1059,Caipirinha,22,,,,,
Page:,,13,,,,,,,ERP Code,
,,,1060,Lemonada Rosa,22,,,,,
,,,1061,Ice Mintea,22,,,,,
,,,1062,Crimson Cola,22,,,,,
,,,1063,Yuzu Lemonade,22,,,,,
,,,1064,BERi-BERi,22,,,,,
,,,1065,Leche Biscoffe,22,,,,,
,,,1066,Orange Desire,22,,,,,
,Page,,,,,,,,,
,Staff Sides,,,,,,,,,
,,,Item,,Price,,,,,
,,,Number,Description,1,,,,ERP Code,
,,,1081,Reg Spicy Rice SM,0.81,,,,,
,,,1082,Reg Coleslaw SM,2.22,,,,,
,,,1083,Reg Peri Chips SM,1.12,,,,,
,,,1084,Reg Grilled Veg SM,3.31,,,,,
,,,1085,Reg Garlic Bread SM,1.47,,,,,
,,,1086,Reg Peri Wedges SM,1.67,,,,,
,,,1087,Reg Corn-on-the-cob SM,3.85,,,,,
,,,1088,Reg Spinach SM,4.24,,,,,
,,,1089,Reg Sweet Potato SM,3.39,,,,,
,Page,,,,,,,,,
,Regular Sides,,,,,,,,,
,,,Item,,Price,,,,,
,,,Number,Description,1,,,,ERP Code,
,,,3601,Reg Spicy Rice,0,,,,,
,,,3602,Reg Coleslaw,0,,,,,
,,,3603,Reg Peri Chips,0,,,,,
,,,3604,Reg Chargrilled Veg,0,,,,,
,,,3605,Reg Garlic Bread,0,,,,,
,,,3606,Reg 3 Bean Salad,0,,,,,
,,,3607,Reg PERI Wedges,0,,,,,
,,,3608,Reg Corn-on-the-COB,0,,,,,
,,,3609,Reg Spinach,0,,,,,
,,,3610,Side Salad,0,,,,,
,,,3611,Reg Sweet Potato,0,,,,,
,,,3612,Pita Bread SM,0,,,,,
,,,3613,Reg Minted Rice,0,,,,,
,,,3614,Reg SPotato Chips,0,,,,,
,,,3615,Reg PERi-tato,0,,,,,
,,,3616,Reg Cauli Mash,0,,,,,
,,,3617,Reg Batata Harra,0,,,,,
,,,3618,Reg Rainbow Slaw,0,,,,,
,,,3619,Reg Cream Corn Salad,0,,,,,
,Page,,,,,,,,,
,Large Sides,,,,,,,,,
,,,Item,,Price,,,,,
,,,Number,Description,1,,,,ERP Code,
,,,3631,Lrg Spicy Rice,0,,,,,
,,,3632,Lrg Coleslaw,0,,,,,
,,,3633,Lrg Peri Chips,0,,,,,
,,,3634,Lrg Chargrilled Veg,0,,,,,
,,,3635,Lrg Garlic Bread,0,,,,,
,,,3636,Lrg 3Bean Salad,0,,,,,
,,,3637,Lrg PERI Wedges,0,,,,,
,,,3638,Lrg Corn-on-the-COB,0,,,,,
,,,3639,Lrg Spinach,0,,,,,
Page:,,14,,,,,,,ERP Code,
,,,3640,Lrg Sweet Potato,0,,,,,
,,,3641,Lrg Minted Rice,0,,,,,
,,,3642,Lrg SPotato Chips,0,,,,,
,,,3643,Lrg PERi-tato,0,,,,,
,,,3644,Lrg Cauli Mash,0,,,,,
,,,3645,Lrg Batata Harra,0,,,,,
,,,3646,Lrg Rainbow Slaw,0,,,,,
,,,3647,Lrg Cream Corn Salad,0,,,,,
,Page,,,,,,,,,
,Flavors/Basting,,,,,,,,,
,,,Item,,Price,,,,,
,,,Number,Description,1,,,,ERP Code,
,,,3661,No Basting,0,,,,,
,,,3662,Kids Basting,0,,,,,
,,,3663,Prego Sauce,0,,,,,
,,,3664,Lemon & Herb,0,,,,,
,,,3665,Mild,0,,,,,
,,,3666,Hot,0,,,,,
,,,3667,Extra Hot,0,,,,,
,,,3668,Mango & Lime,0,,,,,
,,,3669,Medium,0,,,,,
,,,3673,Original,0,,,,,
,,,3674,PERi-Crusted,0,,,,,
,Page,,,,,,,,,
,Drinks,,,,,,,,,
,,,Item,,Price,,,,,
,,,Number,Description,1,,,,ERP Code,
,,,3691,Coke Can,0,,,,,
,,,3692,Diet Coke Can,0,,,,,
,,,3693,Sprite Can,0,,,,,
,,,3694,Fanta Orange Can,0,,,,,
,,,3695,Fanta Strawberry Can,0,,,,,
,,,3696,Coke Bottomless,0,,,,,
,,,3697,Diet Coke Bottomless,0,,,,,
,,,3698,Sprite Bottomless,0,,,,,
,,,3699,Fanta Orange Bottomless,0,,,,,
,,,3700,Fanta Strawberry Bottomls,0,,,,,
,,,3701,Orange Juice,0,,,,,
,,,3702,Lemonade,0,,,,,
,,,3703,Ice Tea Bottomless,0,,,,,
,,,3704,1.25L Coke,0,,,,,
,,,3705,Still Water Sml,0,,,,,
,,,3706,BOS Ice Tea Lemon,0,,,,,
,,,3707,BOS Ice Tea Apple,0,,,,,
,,,3708,BOS Ice Tea Peach,0,,,,,
,,,3709,BOS Ice Tea Berry,0,,,,,
,,,3710,BOS Ice Tea Lime & Ginger,0,,,,,
,,,3711,Bottled Water,0,,,,,
,,,3712,With Drinks,0,,,,,
,,,3716,4 Ice Tea,0,,,,,
,Page,,,,,,,,,
,Food,,,,,,,,,
,,,Item,,Price,,,,,
,,,Number,Description,1,,,,ERP Code,
,,,3721,3 Chicken Wings,0,,,,,
,,,3722,Hummus w/ PERi-Drizzle,0,,,,,
Page:,,15,,,,,,,ERP Code,
,,,3723,Red Pepper Dip,0,,,,,
,,,3724,Spicy Mixed Olives,0,,,,,
,,,3725,Chk Liver & Portu Roll,0,,,,,
,,,3726,Peri Soup,0,,,,,
,,,3727,Altogether Now,0,,,,,
,,,3728,Lentil Soup,0,,,,,
,,,3729,Chicken Soup,0,,,,,
,,,3730,Maj Ckn Skewers,0,,,,,
,,,3731,Maj Ckn Tenders,0,,,,,
,,,3732,Maj Espetada Mini Skewer,0,,,,,
,,,3733,Maj Winglets,0,,,,,
,,,3734,Maj Halloumi Fries,0,,,,,
,,,3735,Tomato Relish,0,,,,,
,,,3736,Yoghurt Dressing,0,,,,,
,,,3737,PERinaise Dip,0,,,,,
,,,3738,Full Chicken,0,,,,,
,,,3739,Festa Fries,0,,,,,
,,,3740,Thigh,0,,,,,
,,,3741,Breast,5,,,,,
,,,3742,Espetada Carnival,5,,,,,
,,,3743,Espetada Rustica,5,,,,,
,,,3744,Espetada Pimento,5,,,,,
,,,3745,Espetada Torre,49,,,,,
,,,3746,Full Chicken,0,,,,,
,,,3747,Espetada 720g,0,,,,,
,,,3748,Rustica 720g,0,,,,,
,,,3749,Carnival 720g,0,,,,,
,,,3750,Sosatie (2 Skewer),0,,,,,
,Page,,,,,,,,,
,General Request,,,,,,,,,
,,,Item,,Price,,,,,
,,,Number,Description,1,,,,ERP Code,
,,,3751,Well Done,0,,,,,
,,,3752,Very Well Done,0,,,,,
,,,3753,Serve at the Same Time,0,,,,,
,,,3754,Cut in 2,0,,,,,
,,,3755,Cut in 4,0,,,,,
,,,3756,Cut in 8,0,,,,,
,,,3757,Cut in Small,0,,,,,
,,,3758,Less Ice,0,,,,,
,,,3759,Shredded,0,,,,,
,,,3760,Peri sprinkled,0,,,,,
,,,3761,Leg,0,,,,,
,,,3762,Breast,0,,,,,
,,,3763,On the Plate,0,,,,,
,,,3764,Separate Sauce,0,,,,,
,,,3765,TAKE AWAY,0,,,,,
,,,3766,Upgrade to Breast,5,,,,,
,Page,,,,,,,,,
,No/,,,,,,,,,
,,,Item,,Price,,,,,
,,,Number,Description,1,,,,ERP Code,
,,,3781,No/ Onion,0,,,,,
,,,3782,No/ Tomato,0,,,,,
,,,3783,No/ Vegetables,0,,,,,
,,,3784,No/ Ice,0,,,,,
,,,3785,No/ Mayo,0,,,,,
Page:,,16,,,,,,,ERP Code,
,,,3786,No/ Dressing,0,,,,,
,,,3787,No/ Salad,0,,,,,
,,,3788,No/ Cheese,0,,,,,
,,,3789,No/ Basting,0,,,,,
,,,3790,No/ Peri sprinkle,0,,,,,
,,,3791,No/ Sauce,0,,,,,
,,,3792,No/ Bread,0,,,,,
,,,3793,No/ Cucumber,0,,,,,
,,,3794,No/ Olives,0,,,,,
,,,3795,No/ Skin,0,,,,,
,,,3796,No Drinks,0,,,,,
,,,3797,No/ Peppers,0,,,,,
,,,3798,No/ Lettuce,0,,,,,
,,,3799,No/ Cheese,0,,,,,
,,,3800,no/ Croutons,0,,,,,
,,,3801,No/ Sundried Tomato,0,,,,,
,,,3802,No/ Rockets,0,,,,,
,,,3803,No/ Pickled Onion,0,,,,,
,Page,,,,,,,,,
,Kids Mods,,,,,,,,,
,,,Item,,Price,,,,,
,,,Number,Description,1,,,,ERP Code,
,,,3811,Kids Chips,0,,,,,
,,,3812,Kids Rice,0,,,,,
,,,3813,Kids Corn,0,,,,,
,,,3814,Kids Wedges,0,,,,,
,,,3815,Kids Fruits,0,,,,,
,,,3816,Kids Vegetables,0,,,,,
,,,3817,Cherry Tomatoes,0,,,,,
,,,3826,Hi-C Apple,0,,,,,
,,,3827,Hi-C Mango,0,,,,,
,,,3828,Hi-C Orange,0,,,,,
,,,3829,Bottomless Drinks,0,,,,,
,Page,,,,,,,,,
,Herbal Tea Choices,,,,,,,,,
,,,Item,,Price,,,,,
,,,Number,Description,1,,,,ERP Code,
,,,3841,Earl Grey,0,,,,,
,,,3842,Lemon,0,,,,,
,,,3843,Camomile,0,,,,,
,,,3844,Rosehip,0,,,,,
,,,3845,Mint,0,,,,,
,,,3846,English Breakfast,0,,,,,
,,,3847,Black Tea,0,,,,,
,Page,,,,,,,,,
,Promo Choices,,,,,,,,,
,,,Item,,Price,,,,,
,,,Number,Description,1,,,,ERP Code,
,,,3871,Chicken Wrap Plt,0,,,,,
,,,3872,Caesar Wrap Plt,0,,,,,
,,,3873,Veggie Wrap Plt,0,,,,,
,,,3874,Hommus Plt,0,,,,,
,,,3875,Red Pepper Dip Plt,0,,,,,
,,,3876,Perinaise Dip Plt,0,,,,,
,,,3877,Chips Plt,0,,,,,
,,,3878,Wedges Plt,0,,,,,
Page:,,17,,,,,,,ERP Code,
,,,3879,Coke Can,0,,,,,
,,,3880,Coke Diet Can,0,,,,,
,,,3881,Sprite Can,0,,,,,
,,,3882,Fanta Orange Can,0,,,,,
,,,3883,Fanta Strawbrry Can,0,,,,,
,,,3884,Al Garve Plt,0,,,,,
,,,3885,Meditterean Plt,0,,,,,
,,,3886,Portuguese Plt,0,,,,,
,,,3887,Caesar Plt,0,,,,,
,,,3888,4 Drinks,0,,,,,
,,,3898,Grill Chicken Strips,0,,,,,
,,,3899,Mini Cataplana,0,,,,,
,,,3900,1/4 Chicken,0,,,,,
,Page,,,,,,,,,
,Ice Cream Flavors,,,,,,,,,
,,,Item,,Price,,,,,
,,,Number,Description,1,,,,ERP Code,
,,,3901,Strawberry,0,,,,,
,,,3902,Vanilla,0,,,,,
,,,3903,Choco Flvr,0,,,,,
,,,3904,Pralines 'n Cream,0,,,,,
,Page,,,,,,,,,
,FGF Choices,,,,,,,,,
,,,Item,,Price,,,,,
,,,Number,Description,1,,,,ERP Code,
,,,3931,Lentil Soup,0,,,,,
,,,3932,Chicken Soup,0,,,,,
,,,3933,Espetada,0,,,,,
,,,3934,Rustica,0,,,,,
,,,3935,Carnival,0,,,,,
,,,3936,Cataplana,0,,,,,
,,,3937,Al Garve,0,,,,,
,,,3938,Porto,0,,,,,
,,,3939,1/2 Chicken,0,,,,,
,,,3940,Chkn Butterfly,0,,,,,
,,,3941,Full Chicken,0,,,,,
,,,3942,10 Chicken Wings,0,,,,,
,,,3943,Chx Trinchado,0,,,,,
,,,3944,Cashew Chicken Arroz,0,,,,,
,,,3945,4 Chicken Wings,0,,,,,
,,,3946,Sosatie (4 Skewer),0,,,,,
,Page,,,,,,,,,
,Designer Drinks,,,,,,,,,
,,,Item,,Price,,,,,
,,,Number,Description,1,,,,ERP Code,
,,,3961,Madeira Red,0,,,,,
,,,3962,Frosted Lemon & Mint,0,,,,,
,,,3963,Caipirinha,0,,,,,
,,,3964,Sparkling Apple,0,,,,,
,,,3965,Lemonada Rosa,0,,,,,
,,,3966,Spicy Mango,0,,,,,
,,,3967,Mango Cooler,0,,,,,
,,,3968,Frosted SBerry Lemonade,10,,,,,
,,,3969,Frosted Mango,10,,,,,
,,,3970,Oreo Milkshake cmb1,22,,,,,
,,,3971,Rose Pistachio cmb1,22,,,,,
Page:,,18,,,,,,,ERP Code,
,,,3972,Mars Bar MS cmb1,22,,,,,
,,,3973,Oreo Milkshake cmb2,22,,,,,
,,,3974,Rose Pistachio cmb2,22,,,,,
,,,3975,Mars Bar MS cmb2,22,,,,,
,,,3976,Crimson Cola,0,,,,,
,Page,,,,,,,,,
,Sandwich Modifier,,,,,,,,,
,,,Item,,Price,,,,,
,,,Number,Description,1,,,,ERP Code,
,,,3991,Chkn Wrap,0,,,,,
,,,3992,Chkn Breast Burger,0,,,,,
,,,3993,Chkn Caesar Wrap,0,,,,,
,,,3994,Chkn Pita,0,,,,,
,,,3995,Nandoca's Choice,0,,,,,
,,,3996,Steak Burger,0,,,,,
,,,3997,Blk Mush Hllmi Wrap,0,,,,,
,,,3998,Veggie Burger,0,,,,,
,,,3999,Roasted Veggie Wrap,0,,,,,
,,,4000,Nandino Burger,0,,,,,
,,,4001,Chicken Prego,0,,,,,
,Page,,,,,,,,,
,Side Option,,,,,,,,,
,,,Item,,Price,,,,,
,,,Number,Description,1,,,,ERP Code,
,,,4021,Regular Sides,0,,,,,
,,,4022,Fino Sides,0,,,,,
,,,4023,2 Large Sides,0,,,,,
,,,4024,2 Regular Sides,0,,,,,
,,,4025,4 Regular Sides,0,,,,,
,,,4026,No Sides,0,,,,,
,,,4027,Add On Sides,0,,,,,
,Page,,,,,,,,,
,Fino Side Modifier,,,,,,,,,
,,,Item,,Price,,,,,
,,,Number,Description,1,,,,ERP Code,
,,,4051,Fino Algarve Salad,0,,,,,
,,,4052,Fino Caesar Salad,0,,,,,
,,,4053,Fino Assorted Chips,0,,,,,
,,,4054,Fino Sweet Potato,0,,,,,
,Page,,,,,,,,,
,Upgrade Modifier,,,,,,,,,
,,,Item,,Price,,,,,
,,,Number,Description,1,,,,ERP Code,
,,,4081,Lrg Spicy Rice Upgrade,5,,,,,
,,,4082,Lrg Coleslaw Upgrade,5,,,,,
,,,4083,Lrg Peri Chips Upgrade,5,,,,,
,,,4084,Lrg Chrgril Veg Upgrade,5,,,,,
,,,4085,Lrg Garlic Bread Upgrade,5,,,,,
,,,4086,Lrg 3 Bean Salad Upgrade,5,,,,,
,,,4087,Lrg Peri Wedges Upgrade,5,,,,,
,,,4088,Lrg Corn COB Upgrade,5,,,,,
,,,4089,Lrg Spinach Upgrade,5,,,,,
,,,4090,Fin Algarv Salad Upgrade,5,,,,,
,,,4091,Fino Caesar Salad Upgrade,5,,,,,
,,,4092,Fin Assort Chips Upgrade,5,,,,,
,,,4093,Fino Sweet Potato Upgrade,5,,,,,
Page:,,19,,,,,,,ERP Code,
,,,4094,Reg Spicy Rice,10,,,,,
,,,4095,Reg Coleslaw,10,,,,,
,,,4096,Reg Peri Chips,10,,,,,
,,,4097,Reg Chargrilled Veg,10,,,,,
,,,4098,Reg Garlic Bread,10,,,,,
,,,4099,Reg 3 Bean Salad,10,,,,,
,,,4100,Reg PERI Wedges,10,,,,,
,,,4101,Reg Corn-on-the-COB,10,,,,,
,,,4102,Reg Spinach,10,,,,,
,,,4103,Reg Sweet Potato,10,,,,,
,,,4104,Reg Minted Rice,10,,,,,
,,,4105,Reg SPotato Chips,10,,,,,
,,,4106,Reg PERi-tato,10,,,,,
,,,4107,Reg Cauli Mash,10,,,,,
,Page,,,,,,,,,
,Sweet Ending Mod,,,,,,,,,
,,,Item,,Price,,,,,
,,,Number,Description,1,,,,ERP Code,
,,,4111,Lighten Up Choco Pr,0,,,,,
,,,4112,Caramel,0,,,,,
,,,4113,Blueberry,0,,,,,
,,,4114,Lotus Cake Pr,0,,,,,
,,,4115,Pastries De Natas Pr,0,,,,,
,,,4116,Cappuccino Pr,0,,,,,
,,,4117,Galao Pr,0,,,,,
,,,4118,Americano Pr,0,,,,,
,,,4119,Double Espresso Pr,0,,,,,
,,,4120,Espresso Pr,0,,,,,
,,,4121,Hot Chocolate Pr,0,,,,,
,,,4122,Herbal Tea Pr,0,,,,,
,,,4123,Brownie,0,,,,,
,,,4124,Mango,0,,,,,
,Page,,,,,,,,,
,Salad Modifier,,,,,,,,,
,,,Item,,Price,,,,,
,,,Number,Description,1,,,,ERP Code,
,,,4141,Algarve Salad,0,,,,,
,,,4142,Caesar Salad,0,,,,,
,,,4143,Portuguese Salad,0,,,,,
,,,4144,Mediterranean Salad,0,,,,,
,,,4145,Quinoa Salad,0,,,,,
,,,4146,Fattoush Salad,0,,,,,
,,,4147,Greek Salad,0,,,,,
,Page,,,,,,,,,
,Ice Tea Flavors,,,,,,,,,
,,,Item,,Price,,,,,
,,,Number,Description,1,,,,ERP Code,
,,,4171,Ice Tea Lemon,0,,,,,
,,,4172,Ice Tea Apple,0,,,,,
,,,4173,Ice Tea Peach,0,,,,,
,,,4174,Ice Tea Berry,0,,,,,
,,,4175,Ice Tea Lime & Ginger,0,,,,,
,Page,,,,,,,,,
,Staff Meal Side,,,,,,,,,
,,,Item,,Price,,,,,
,,,Number,Description,1,,,,ERP Code,
Page:,,20,,,,,,,,
,,,4201,Reg Spicy Rice SM,0.81,,,,,
,,,4202,Reg Peri Chips SM,1.12,,,,,
,,,4203,Reg Chargrilled Veg SM,3.31,,,,,
,Page,,,,,,,,,
,Build Your Own,,,,,,,,,
,,,Item,,Price,,,,,
,,,Number,Description,1,,,,ERP Code,
,,,4231,Pita,0,,,,,
,,,4232,Portuguese Roll,0,,,,,
,,,4233,Wrap,0,,,,,
,,,4234,2 Regular Sides,10,,,,,
,,,4235,Carnival Burger,0,,,,,
,,,4236,Carnival Pita,0,,,,,
,,,4237,Carnival Wrap,0,,,,,
,,,4238,Dukkah-Dusted Burger,0,,,,,
,,,4239,Dukkah-Dusted Pita,0,,,,,
,,,4240,Dukkah-Dusted Wrap,0,,,,,
,Page,,,,,,,,,
,Extra Modifier,,,,,,,,,
,,,Item,,Price,,,,,
,,,Number,Description,1,,,,ERP Code,
,,,4261,Extra Feta Cheese,4,,,,,
,,,4262,Extra Grilled Halloumi,6,,,,,
,,,4263,Extra Grilled Chkn Strips,14,,,,,
,,,4264,Extra Cheddar Cheese,4,,,,,
,,,4265,Extra Pineapple,4,,,,,
,,,4266,Extra Avocado,6,,,,,
,,,4267,Extra Portobello Mushroom,6,,,,,
,,,4268,Extra Pulled Chicken,11,,,,,
,,,4269,Extra PERi Drizzle,5,,,,,
,,,4270,Extra Chilli Jam,5,,,,,
,Page,,,,,,,,,
,Bottle Sauce Flavor,,,,,,,,,
,,,Item,,Price,,,,,
,,,Number,Description,1,,,,ERP Code,
,,,4291,Btl LemonHerb,0,,,,,
,,,4292,Btl Medium,0,,,,,
,,,4293,Btl Mild,0,,,,,
,,,4294,Btl Hot,0,,,,,
,,,4295,Btl WildHerb,0,,,,,
,,,4296,Btl Garlic,0,,,,,
,,,4297,Btl Extrahot,0,,,,,
,,,4298,Btl XXtrahot,0,,,,,
,,,4299,Btl Mango & Lime,0,,,,,
,,,4300,Btl Creamy Garlic,0,,,,,
,,,4301,Btl Pepper Sauce,0,,,,,
,,,4302,Btl LemonHerb 125ml,0,,,,,
,,,4303,Btl Medium 125ml,0,,,,,
,,,4304,Btl Mild 125ml,0,,,,,
,,,4305,Btl Hot 125ml,0,,,,,
,,,4306,Btl Wildherb 125ml,0,,,,,
,,,4307,Btl Garlic 125ml,0,,,,,
,,,4308,Btl Extrahot 125ml,0,,,,,
,,,4309,Btl XXtrahot 125ml,0,,,,,
,,,4310,Btl Mango & Lime 125ml,0,,,,,
,,,4311,Btl Creamy Garlic 125ml,0,,,,,
Page:,,21,,,,,,,ERP Code,
,,,4312,Btl Pepper Sauce 125ml,0,,,,,
,,,4313,Creamy Garlic X1,10,,,,,
,,,4314,Creamy Garlic X2,15,,,,,
,,,4315,Creamy Garlic X4,20,,,,,
,,,4316,PERinaise Garlic,0,,,,,
,,,4317,PERinaise Mild,0,,,,,
,,,4318,PERinaise Hot,0,,,,,
